INSERT INTO `isa_hoteli`.`avio_kompanija` (`id_avio_kompanije`, `adresa`, `lat`, `lng`, `naziv`, `opis`) VALUES ('1', 'Rumenacka 102, Novi Sad', '45.2517', '19.8369', 'Novi Sad Airlines', 'Lorem ipsum dolor sit amet, consectetur adipiscing elit. Nullam eget rhoncus orci. Sed lacus libero, molestie vel interdum et, vehicula vitae ex. Nunc volutpat tempor erat, ut tempor nulla faucibus hendrerit');


INSERT INTO `isa_hoteli`.`avio_kompanija` (`id_avio_kompanije`, `adresa`, `lat`, `lng`, `naziv`, `opis`) VALUES ('2', 'Pukovnika Milenka Pavlovica, Batajnica', '44.53', '20.16', 'Vojni aerodrom', 'Praesent accumsan vehicula nunc, eu bibendum est consectetur vitae. Phasellus tempus tellus at nibh faucibus pretium. Proin accumsan dignissim justo, ');


INSERT INTO `isa_hoteli`.`avio_kompanija` (`id_avio_kompanije`, `adresa`, `lat`, `lng`, `naziv`, `opis`) VALUES ('3', 'Nikole Tesle 45', '44.804', '20.4651', 'Aerodrom Nikola Tesla', 'eu suscipit metus ultricies. Vestibulum porta mollis aliquam. Quisque vestibulum quis magna non aliquet. Cras id accumsan mauris. Aliquam lacini');



INSERT INTO `isa_hoteli`.`destinacija` (`id_destinacije`, `informacije`, `naziv`) VALUES ('1', 'Praesent accumsan vehicula nunc, eu bibendum est consectetur vitae. Phasellus tempus tellus at nibh faucibus pretium. Proin accumsan dignissim just', 'Novi Sad');


INSERT INTO `isa_hoteli`.`destinacija` (`id_destinacije`, `informacije`, `naziv`) VALUES ('2', 'Praesent accumsan vehicula nunc, eu bibendum est consectetur vitae. Phasellus tempus tellus at nibh faucibus pretium. Proin accumsan dignissim just', 'Beograd');


INSERT INTO `isa_hoteli`.`destinacija` (`id_destinacije`, `informacije`, `naziv`) VALUES ('3', 'Praesent accumsan vehicula nunc, eu bibendum est consectetur vitae. Phasellus tempus tellus at nibh faucibus pretium. Proin accumsan dignissim just', 'Batajnica');


INSERT INTO `isa_hoteli`.`destinacija` (`id_destinacije`, `informacije`, `naziv`) VALUES ('4', 'Praesent accumsan vehicula nunc, eu bibendum est consectetur vitae. Phasellus tempus tellus at nibh faucibus pretium. Proin accumsan dignissim just', 'Zitoradje');


INSERT INTO `isa_hoteli`.`destinacija` (`id_destinacije`, `informacije`, `naziv`) VALUES ('5', 'Praesent accumsan vehicula nunc, eu bibendum est consectetur vitae. Phasellus tempus tellus at nibh faucibus pretium. Proin accumsan dignissim just', 'Sivac');


INSERT INTO `isa_hoteli`.`dodatne_usluge_aviokompanije` (`id_dodatne_usluge`, `naziv`) VALUES ('1', 'Hrana');


INSERT INTO `isa_hoteli`.`dodatne_usluge_aviokompanije` (`id_dodatne_usluge`, `naziv`) VALUES ('2', 'Vino');


INSERT INTO `isa_hoteli`.`dodatne_usluge_aviokompanije` (`id_dodatne_usluge`, `naziv`) VALUES ('3', 'Wifi');




INSERT INTO `isa_hoteli`.`karta` (`id_karte`, `broj_pasosa`, `brza_rezervacija`, `cena`, `ocena`, `popust`, `version`, `vreme_rezervisanja`, `id_korisnika`, `id_korisnika_koji_salje_poz`, `id_leta`) VALUES ('21', '0', b'0', '180', '0', '0', '0', '2000-10-10 08:10:00', '1', '1', '2');

INSERT INTO `isa_hoteli`.`karta` (`id_karte`, `broj_pasosa`, `brza_rezervacija`, `cena`, `ocena`, `popust`, `version`, `vreme_rezervisanja`, `id_korisnika`, `id_korisnika_koji_salje_poz`, `id_leta`) VALUES ('22', '0', b'1', '180', '0', '0', '0', '2000-10-10 08:10:00', '1', '1', '2');

INSERT INTO `isa_hoteli`.`karta` (`id_karte`, `broj_pasosa`, `brza_rezervacija`, `cena`, `ocena`, `popust`, `version`, `vreme_rezervisanja`, `id_korisnika`, `id_korisnika_koji_salje_poz`, `id_leta`) VALUES ('23', '0', b'0', '180', '0', '0', '0', '2000-10-10 08:10:00', '1', '1', '2');

INSERT INTO `isa_hoteli`.`karta` (`id_karte`, `broj_pasosa`, `brza_rezervacija`, `cena`, `ocena`, `popust`, `version`, `vreme_rezervisanja`, `id_korisnika`, `id_korisnika_koji_salje_poz`, `id_leta`) VALUES ('24', '0', b'0', '180', '0', '0', '0', '2019-09-22 08:10:00', '1', '1', '2');

INSERT INTO `isa_hoteli`.`karta` (`id_karte`, `broj_pasosa`, `brza_rezervacija`, `cena`, `ocena`, `popust`, `version`, `vreme_rezervisanja`, `id_korisnika`, `id_korisnika_koji_salje_poz`, `id_leta`) VALUES ('25', '0', b'0', '180', '0', '0', '0', '2000-10-10 08:10:00', '1', '1', '2');

INSERT INTO `isa_hoteli`.`karta` (`id_karte`, `broj_pasosa`, `brza_rezervacija`, `cena`, `ocena`, `popust`, `version`, `vreme_rezervisanja`, `id_korisnika`, `id_korisnika_koji_salje_poz`, `id_leta`) VALUES ('26', '0', b'0', '180', '0', '0', '0', '2000-10-10 08:10:00', '1', '1', '2');

INSERT INTO `isa_hoteli`.`karta` (`id_karte`, `broj_pasosa`, `brza_rezervacija`, `cena`, `ocena`, `popust`, `version`, `vreme_rezervisanja`, `id_korisnika`, `id_korisnika_koji_salje_poz`, `id_leta`) VALUES ('27', '0', b'0', '180', '0', '0', '0', '2000-10-10 08:10:00', '1', '1', '2');

INSERT INTO `isa_hoteli`.`karta` (`id_karte`, `broj_pasosa`, `brza_rezervacija`, `cena`, `ocena`, `popust`, `version`, `vreme_rezervisanja`, `id_korisnika`, `id_korisnika_koji_salje_poz`, `id_leta`) VALUES ('28', '0', b'0', '180', '0', '0', '0', '2000-10-10 08:10:00', '1', '1', '2');

INSERT INTO `isa_hoteli`.`karta` (`id_karte`, `broj_pasosa`, `brza_rezervacija`, `cena`, `ocena`, `popust`, `version`, `vreme_rezervisanja`, `id_korisnika`, `id_korisnika_koji_salje_poz`, `id_leta`) VALUES ('29', '0', b'1', '180', '0', '0', '0', '2000-10-10 08:10:00', '1', '1', '2');

INSERT INTO `isa_hoteli`.`karta` (`id_karte`, `broj_pasosa`, `brza_rezervacija`, `cena`, `ocena`, `popust`, `version`, `vreme_rezervisanja`, `id_korisnika`, `id_korisnika_koji_salje_poz`, `id_leta`) VALUES ('30', '0', b'0', '180', '0', '0', '0', '2000-10-10 08:10:00', '1', '1', '2');


INSERT INTO `isa_hoteli`.`klasa` (`id_klase`, `naziv`) VALUES ('1', 'Klasa 1');


INSERT INTO `isa_hoteli`.`klasa` (`id_klase`, `naziv`) VALUES ('2', 'Klasa 2');


INSERT INTO `isa_hoteli`.`klasa` (`id_klase`, `naziv`) VALUES ('3', 'Klasa 3');


INSERT INTO `isa_hoteli`.`klasa` (`id_klase`, `naziv`) VALUES ('4', 'Radnicka');

INSERT INTO `isa_hoteli`.`klasa` (`id_klase`, `naziv`) VALUES ('5', 'VIP');



INSERT INTO `isa_hoteli`.`korisnik` (`id`, `aktiviran`, `broj_pasosa`, `email`, `grad`, `ime`, `lozinka`, `prezime`, `prvi_put_logovan`, `rola`, `telefon`, `zaduzen_za_id`, `bodovi`) VALUES ('1', b'1', '213', 'avioadmin@gmail.com', 'a', 'a', 'a', 'a', b'1', '1', '321321', '1', '0');



INSERT INTO `isa_hoteli`.`korisnik` (`id`, `aktiviran`, `broj_pasosa`, `email`, `grad`, `ime`, `lozinka`, `prezime`, `prvi_put_logovan`, `rola`, `telefon`, `zaduzen_za_id`, `bodovi`) VALUES ('2', b'1', '123456', 'maricn007@gmail.com', 'novi sad', 'Nikola', 'r', 'Maric', b'0', '0', '0657512231', '0', '0');


INSERT INTO `isa_hoteli`.`korisnik` (`id`, `aktiviran`, `broj_pasosa`, `email`, `grad`, `ime`, `lozinka`, `prezime`, `prvi_put_logovan`, `rola`, `telefon`, `zaduzen_za_id`, `bodovi`) VALUES ('4', b'1', '000000', 'masteradmin@gmail.com', 'novi sad', 'Veljko', 'admin', 'Petrovic', b'1', '4', '021445123', '0', '0');


INSERT INTO `isa_hoteli`.`korisnik` (`id`, `aktiviran`, `broj_pasosa`, `email`, `grad`, `ime`, `lozinka`, `prezime`, `prvi_put_logovan`, `rola`, `telefon`, `zaduzen_za_id`, `bodovi`) VALUES ('3', b'1', '999999', 'maricnikola752@gmail.com', 'derventa', 'Veljko', 'r', 'Milankovic', b'0', '0', '38766234123', '0', '20');



INSERT INTO `isa_hoteli`.`let` (`id_leta`, `broj_leta`, `broj_mesta`, `broj_osoba`, `broj_presedanja`, `cena_karte`, `duzina_putovanja`, `prosecna_ocena`, `tip_puta`, `ukupan_prihod`, `vreme_poletanja`, `vreme_sletanja`, `avio_kompanija`, `destinacija_poletanja`, `destinacija_sletanja`) VALUES ('1', '556', '20', '34', '1', '100', '50', '3.33', 'one-way', '865', '2019-09-15 23:01:00', '2019-09-17 12:02:00', '1', '1', '3');


INSERT INTO `isa_hoteli`.`let` (`id_leta`, `broj_leta`, `broj_mesta`, `broj_osoba`, `broj_presedanja`, `cena_karte`, `duzina_putovanja`, `prosecna_ocena`, `tip_puta`, `ukupan_prihod`, `vreme_poletanja`, `vreme_sletanja`, `avio_kompanija`, `destinacija_poletanja`, `destinacija_sletanja`) VALUES ('2', '9999', '20', '13', '2', '200', '560', '0', 'round-trip', '258', '2019-10-01 12:22:00', '2019-09-30 09:11:00', '1', '4', '3');



INSERT INTO `isa_hoteli`.`prtljag` (`id_prtljaga`, `opis`, `tezina`) VALUES ('1', 'Laki prtljag', '4');


INSERT INTO `isa_hoteli`.`prtljag` (`id_prtljaga`, `opis`, `tezina`) VALUES ('2', 'Srednji prtljag', '8');


INSERT INTO `isa_hoteli`.`prtljag` (`id_prtljaga`, `opis`, `tezina`) VALUES ('3', 'Teski prtljag', '12');



INSERT INTO `isa_hoteli`.`destinacije_na_kojima_posluje` (`aviokompanija_id`, `destinacija_id`) VALUES ('1', '1');

INSERT INTO `isa_hoteli`.`destinacije_na_kojima_posluje` (`aviokompanija_id`, `destinacija_id`) VALUES ('1', '3');

INSERT INTO `isa_hoteli`.`destinacije_na_kojima_posluje` (`aviokompanija_id`, `destinacija_id`) VALUES ('1', '4');


INSERT INTO `isa_hoteli`.`destinacije_presedanja` (`let_id`, `destinacija_id`) VALUES ('1', '4');

INSERT INTO `isa_hoteli`.`destinacije_presedanja` (`let_id`, `destinacija_id`) VALUES ('2', '3');

INSERT INTO `isa_hoteli`.`destinacije_presedanja` (`let_id`, `destinacija_id`) VALUES ('2', '1');


INSERT INTO `isa_hoteli`.`dodatne_usluge_leta` (`let_id`, `dodatna_usluga_id`) VALUES ('1', '1');

INSERT INTO `isa_hoteli`.`dodatne_usluge_leta` (`let_id`, `dodatna_usluga_id`) VALUES ('1', '3');

INSERT INTO `isa_hoteli`.`dodatne_usluge_leta` (`let_id`, `dodatna_usluga_id`) VALUES ('2', '1');

INSERT INTO `isa_hoteli`.`dodatne_usluge_leta` (`let_id`, `dodatna_usluga_id`) VALUES ('2', '2');



INSERT INTO `isa_hoteli`.`klase_leta` (`let_id`, `klasa_id`) VALUES ('1', '4');

INSERT INTO `isa_hoteli`.`klase_leta` (`let_id`, `klasa_id`) VALUES ('1', '5');

INSERT INTO `isa_hoteli`.`klase_leta` (`let_id`, `klasa_id`) VALUES ('2', '2');

INSERT INTO `isa_hoteli`.`klase_leta` (`let_id`, `klasa_id`) VALUES ('2', '1');


INSERT INTO `isa_hoteli`.`tipovi_prtljaga_po_letu` (`let_id`, `prtljag_id`) VALUES ('1', '1');

INSERT INTO `isa_hoteli`.`tipovi_prtljaga_po_letu` (`let_id`, `prtljag_id`) VALUES ('2', '1');

INSERT INTO `isa_hoteli`.`tipovi_prtljaga_po_letu` (`let_id`, `prtljag_id`) VALUES ('2', '2');



